question,answer
Where is TIC Wireless located?,"We're at 3640 Hillcroft St, Houston, TX 77057 — in the shopping center on Hillcroft near Windswept, just north of the Westpark Tollway. Call (713) 339-9300 if you need directions."
What is your address?,"3640 Hillcroft St, Houston, TX 77057."
What is your phone number?,You can call us at (713) 339-9300.
Did you move? I went to 3838 Hillcroft.,"Yes — we moved from 3838 Hillcroft St, Suite 100, to our new, bigger store at 3640 Hillcroft St, Houston, TX 77057. Same team, same phone number. Some map apps may still show the old address."
Is there parking?,"Yes, there's a parking lot in front of the store in the shopping center, including wheelchair-accessible parking."
Is the store wheelchair accessible?,Yes. We have a wheelchair-accessible entrance and wheelchair-accessible parking.
Do you have a website or social media?,Our website is https://lime-hillcroft-hub.lovable.app (Spanish: https://lime-hillcroft-hub.lovable.app/es). You can also find us on Facebook at facebook.com/ticwireless and on TikTok at @tic.wireless.
What are your hours?,"We're open Monday to Saturday from 9:00 AM to 8:00 PM, and Sunday from 9:00 AM to 5:00 PM."
Are you open on Sunday?,"Yes, Sundays from 9:00 AM to 5:00 PM."
Are you open today / right now?,"Our hours are Monday–Saturday 9 AM–8 PM and Sunday 9 AM–5 PM. Holiday hours can vary, so call (713) 339-9300 if you want to double-check."
Do I need an appointment?,"No appointment needed — just walk in during store hours, including for repairs."
Can I get a phone with bad credit or no credit?,"Yes! We offer financing and lease-to-own on unlocked iPhones and Android phones with no credit needed — bad credit is OK. Options start at $40 down, subject to approval. Stop by with a valid photo ID or call (713) 339-9300."
How much is the down payment?,Options start at $40 down. The exact amount depends on the item and the plan you're approved for.
What do I need to apply for financing?,"Bring a valid photo ID to the store. The application takes just a few minutes at the counter, and our team will let you know if anything else is needed."
Is approval guaranteed?,"Approval isn't guaranteed, but no credit is needed and bad credit is OK. It only takes a few minutes in store to find out. Call (713) 339-9300 with any questions."
What is lease-to-own?,"Lease-to-own isn't a loan: you lease the item and make regular payments, and once the plan is complete (or you buy it out early) it's yours. The total cost can be more than the cash price, and we explain all terms in store before you sign."
Can I pay off my financing early?,"Yes, ask us about early-payoff options when you apply — paying it off sooner can lower your total cost."
"Can I finance a PS5, Xbox or Nintendo Switch?","Yes. We offer lease-to-own on game consoles like PlayStation 5, Xbox and Nintendo Switch 2 — no credit needed, options from $40 down, subject to approval. Call (713) 339-9300 to check what's in stock."
"Can I finance a laptop, MacBook or iPad?","Yes. Laptops (including MacBook Air), iPads and tablets are available with lease-to-own, no credit needed. Call (713) 339-9300 to check stock."
Do you have the new iPhone?,"Yes, we carry the latest unlocked iPhones, including iPhone 17 Pro, with financing available. Stock changes often, so call (713) 339-9300 to confirm the model, color and storage you want."
Do you sell Samsung phones?,"Yes — we carry unlocked Samsung Galaxy phones and other Androids, with financing available. Call (713) 339-9300 to check current models."
Do you buy or trade in used phones?,Yes. You can trade in your old phone toward a new one or sell it. Bring it in and we'll take a look.
Which carriers do you have prepaid plans for?,"We offer prepaid plans from Verizon Prepaid, AT&T Prepaid, T-Mobile, Metro by T-Mobile, Cricket, Boost Mobile, Simple Mobile, Lyca Mobile, GoSmart and Gen Mobile. No contracts."
How much are your prepaid plans?,Plan prices depend on the carrier and change often. Call (713) 339-9300 or stop by and we'll find the best plan for you.
Can I pay my phone bill at your store?,"Yes. We take in-person bill payments for the major prepaid carriers, with no extra charges."
Do you sell home internet?,"Yes, we sell Xfinity Prepaid home internet and set it up for you in store."
Do you do international recharges?,"Yes. We do international mobile top-ups, including Tigo, Digicel, Movistar and Telcel, and more."
Do you fix cracked screens?,"Yes. We repair screens on iPhone, Samsung and other Android phones. Most screen repairs are done the same day. Call (713) 339-9300 for a quote for your model."
How much does a screen repair cost?,"It depends on your exact phone model. Call (713) 339-9300 with your model, or stop by — we'll give you the price before any work starts."
How long does a repair take?,"Most phone screen, battery and charging-port repairs are finished the same day. We'll give you a time estimate before we start."
What kinds of repairs do you do?,"Phones, tablets, laptops and computers — cracked screens, batteries, charging ports and software problems."
My phone won't charge. Can you fix it?,"Yes, we repair charging ports and batteries. Bring it in (no appointment needed) and we'll check it in front of you and quote the price first. Questions? Call (713) 339-9300."
Can you replace my battery?,"Yes. We replace batteries on iPhone, Samsung and other Android phones, usually the same day."
Do you repair laptops and tablets?,"Yes, we repair tablets, laptops and computers too. Call (713) 339-9300 to describe the problem or bring it in."
Can you unlock my phone?,"Yes, we unlock phones so you can use them with the carrier you choose. Bring your phone in and we'll check it."
Do you sell phone cases?,"Yes — we have a huge case wall with cases for most iPhone and Samsung Galaxy models: clear, color, rugged, MagSafe and ring-stand styles, including brands like OtterBox and ZIZO."
Do you sell screen protectors?,"Yes, we carry tempered glass and UV glass screen protectors for most models."
Do you have AirPods?,"Yes, we carry Apple AirPods, including AirPods Pro, plus AirPods Max. Call (713) 339-9300 to check current stock."
Do you sell Galaxy Buds or other earbuds?,"Yes — Samsung Galaxy Buds, JBL earbuds and more."
Do you sell JBL speakers?,"Yes, we carry JBL speakers like the Charge, Flip, Clip and Go, plus Soundcore speakers."
Do you sell smartwatches?,"Yes — Samsung Galaxy Watch, Fitbit and other smartwatches, plus bands."
Do you sell chargers and cables?,"Yes: wall chargers, car chargers and mounts, charging cables and wireless charging stations."
Is a specific item in stock?,Stock changes often. Please call (713) 339-9300 and we'll check for you — we can also set it aside.
Can I buy online?,"You can browse our accessories at https://lime-hillcroft-hub.lovable.app/shop. Online checkout is launching soon — for now, call (713) 339-9300 or visit the store to buy."
Do you speak Spanish?,"Yes! Se habla español. Our team helps customers in English and Spanish, in store and on the phone."
What are your reviews like?,We're rated 4.7 out of 5 on Google from more than 400 reviews.
Can I talk to a person?,"Of course — call us at (713) 339-9300 during store hours (Mon–Sat 9 AM–8 PM, Sun 9 AM–5 PM), or visit us at 3640 Hillcroft St."
¿Dónde están ubicados?,"Estamos en 3640 Hillcroft St, Houston, TX 77057, en el centro comercial sobre Hillcroft cerca de Windswept, justo al norte del Westpark Tollway. Llámanos al (713) 339-9300 si necesitas indicaciones."
¿Cuál es su horario?,Lunes a sábado de 9:00 AM a 8:00 PM y domingo de 9:00 AM a 5:00 PM.
¿Puedo sacar un celular a pagos sin crédito?,"¡Sí! Tenemos financiamiento y arrendamiento con opción a compra en iPhone y Android desbloqueados, sin necesidad de crédito — el mal crédito no es problema. Desde $40 de enganche, sujeto a aprobación. Ven con una identificación oficial con foto o llama al (713) 339-9300."
¿Cuánto es el enganche?,Las opciones empiezan desde $40 de enganche. La cantidad exacta depende del equipo y del plan que te aprueben.
"¿Tienen PS5, Xbox o laptops a pagos?","Sí. Consolas (PlayStation 5, Xbox, Nintendo Switch 2), laptops, MacBook y iPad con opción a compra, sin necesidad de crédito. Llama al (713) 339-9300 para revisar inventario."
¿Reparan pantallas?,"Sí. Reparamos pantallas de iPhone, Samsung y otros Android; la mayoría quedan el mismo día. Llama al (713) 339-9300 para cotizar tu modelo."
¿Cuánto cuesta cambiar la pantalla?,Depende del modelo de tu celular. Llama al (713) 339-9300 o ven a la tienda; te damos el precio antes de empezar.
¿Liberan celulares?,"Sí, liberamos celulares para que los uses con la compañía que quieras. Tráelo y lo revisamos."
¿Puedo pagar mi factura de teléfono ahí?,"Sí. Recibimos pagos de las principales compañías prepagadas, sin cargos extra."
¿Qué compañías prepagadas tienen?,"Verizon Prepaid, AT&T Prepaid, T-Mobile, Metro by T-Mobile, Cricket, Boost Mobile, Simple Mobile, Lyca Mobile, GoSmart y Gen Mobile."
¿Hacen recargas internacionales?,"Sí, hacemos recargas internacionales, incluyendo Tigo, Digicel, Movistar y Telcel, y más."
¿Venden fundas y micas?,"Sí, tenemos una pared llena de fundas para la mayoría de modelos de iPhone y Samsung, y micas de vidrio templado y UV."
¿Tienen AirPods?,"Sí, tenemos AirPods, AirPods Pro y AirPods Max. Llama al (713) 339-9300 para confirmar inventario."
¿Se cambiaron de lugar?,"Sí, nos mudamos del 3838 Hillcroft (Suite 100) a nuestra nueva tienda en 3640 Hillcroft St, Houston, TX 77057. El mismo equipo y el mismo número."
¿Necesito cita?,"No necesitas cita, solo ven en horario de tienda."
